"filename", "language", "Python", "Markdown", "XML", "JavaScript", "CSS", "JSON", "HTML", "comment", "blank", "total"
"/Users/xuanpeichen/Desktop/code/python/openai/README.md", "Markdown", 0, 1, 0, 0, 0, 0, 0, 0, 0, 1
"/Users/xuanpeichen/Desktop/code/python/openai/card_Creator.py", "Python", 354, 0, 0, 0, 0, 0, 0, 23, 98, 475
"/Users/xuanpeichen/Desktop/code/python/openai/card_python_creator.py", "Python", 167, 0, 0, 0, 0, 0, 0, 5, 74, 246
"/Users/xuanpeichen/Desktop/code/python/openai/cards/Instant/Aquatic Evasion/data.json", "JSON", 0, 0, 0, 0, 0, 8, 0, 0, 0, 8
"/Users/xuanpeichen/Desktop/code/python/openai/cards/Instant/Arcane Inferno/data.json", "JSON", 0, 0, 0, 0, 0, 8, 0, 0, 0, 8
"/Users/xuanpeichen/Desktop/code/python/openai/cards/Instant/Arcane Insight/data.json", "JSON", 0, 0, 0, 0, 0, 8, 0, 0, 0, 8
"/Users/xuanpeichen/Desktop/code/python/openai/cards/Instant/Arcane Intervention/data.json", "JSON", 0, 0, 0, 0, 0, 8, 0, 0, 0, 8
"/Users/xuanpeichen/Desktop/code/python/openai/cards/Instant/Arcane Reflection/data.json", "JSON", 0, 0, 0, 0, 0, 8, 0, 0, 0, 8
"/Users/xuanpeichen/Desktop/code/python/openai/cards/Instant/Astral Resurgence/data.json", "JSON", 0, 0, 0, 0, 0, 8, 0, 0, 0, 8
"/Users/xuanpeichen/Desktop/code/python/openai/cards/Instant/Avenging Light/data.json", "JSON", 0, 0, 0, 0, 0, 8, 0, 0, 0, 8
"/Users/xuanpeichen/Desktop/code/python/openai/cards/Instant/Blazing Reversal/data.json", "JSON", 0, 0, 0, 0, 0, 8, 0, 0, 0, 8
"/Users/xuanpeichen/Desktop/code/python/openai/cards/Instant/Celestial Convergence/data.json", "JSON", 0, 0, 0, 0, 0, 8, 0, 0, 0, 8
"/Users/xuanpeichen/Desktop/code/python/openai/cards/Instant/Celestial Intervention/data.json", "JSON", 0, 0, 0, 0, 0, 8, 0, 0, 0, 8
"/Users/xuanpeichen/Desktop/code/python/openai/cards/Instant/Celestial Rebirth/data.json", "JSON", 0, 0, 0, 0, 0, 8, 0, 0, 0, 8
"/Users/xuanpeichen/Desktop/code/python/openai/cards/Instant/Divine Intervention/data.json", "JSON", 0, 0, 0, 0, 0, 8, 0, 0, 0, 8
"/Users/xuanpeichen/Desktop/code/python/openai/cards/Instant/Divine Reprisal/data.json", "JSON", 0, 0, 0, 0, 0, 8, 0, 0, 0, 8
"/Users/xuanpeichen/Desktop/code/python/openai/cards/Instant/Ephemeral Bolt/data.json", "JSON", 0, 0, 0, 0, 0, 8, 0, 0, 0, 8
"/Users/xuanpeichen/Desktop/code/python/openai/cards/Instant/Ephemeral Insight/data.json", "JSON", 0, 0, 0, 0, 0, 8, 0, 0, 0, 8
"/Users/xuanpeichen/Desktop/code/python/openai/cards/Instant/Ephemeral Response/data.json", "JSON", 0, 0, 0, 0, 0, 8, 0, 0, 0, 8
"/Users/xuanpeichen/Desktop/code/python/openai/cards/Instant/Ephemeral Vision/data.json", "JSON", 0, 0, 0, 0, 0, 8, 0, 0, 0, 8
"/Users/xuanpeichen/Desktop/code/python/openai/cards/Instant/Ethereal Convergence/data.json", "JSON", 0, 0, 0, 0, 0, 8, 0, 0, 0, 8
"/Users/xuanpeichen/Desktop/code/python/openai/cards/Instant/Ethereal Reversal/data.json", "JSON", 0, 0, 0, 0, 0, 8, 0, 0, 0, 8
"/Users/xuanpeichen/Desktop/code/python/openai/cards/Instant/Ethereal Surge/data.json", "JSON", 0, 0, 0, 0, 0, 8, 0, 0, 0, 8
"/Users/xuanpeichen/Desktop/code/python/openai/cards/Instant/Fiery Blast/data.json", "JSON", 0, 0, 0, 0, 0, 8, 0, 0, 0, 8
"/Users/xuanpeichen/Desktop/code/python/openai/cards/Instant/Flames of Fury/data.json", "JSON", 0, 0, 0, 0, 0, 8, 0, 0, 0, 8
"/Users/xuanpeichen/Desktop/code/python/openai/cards/Instant/Honorable Protection/data.json", "JSON", 0, 0, 0, 0, 0, 8, 0, 0, 0, 8
"/Users/xuanpeichen/Desktop/code/python/openai/cards/Instant/Mindweave/data.json", "JSON", 0, 0, 0, 0, 0, 8, 0, 0, 0, 8
"/Users/xuanpeichen/Desktop/code/python/openai/cards/Instant/Mystic Confluence/data.json", "JSON", 0, 0, 0, 0, 0, 8, 0, 0, 0, 8
"/Users/xuanpeichen/Desktop/code/python/openai/cards/Instant/Mystic Convergence/data.json", "JSON", 0, 0, 0, 0, 0, 8, 0, 0, 0, 8
"/Users/xuanpeichen/Desktop/code/python/openai/cards/Instant/Mystic Evasion/data.json", "JSON", 0, 0, 0, 0, 0, 8, 0, 0, 0, 8
"/Users/xuanpeichen/Desktop/code/python/openai/cards/Instant/Mystic Evocation/data.json", "JSON", 0, 0, 0, 0, 0, 8, 0, 0, 0, 8
"/Users/xuanpeichen/Desktop/code/python/openai/cards/Instant/Mystic Insight/data.json", "JSON", 0, 0, 0, 0, 0, 8, 0, 0, 0, 8
"/Users/xuanpeichen/Desktop/code/python/openai/cards/Instant/Mystic Reflection/data.json", "JSON", 0, 0, 0, 0, 0, 8, 0, 0, 0, 8
"/Users/xuanpeichen/Desktop/code/python/openai/cards/Instant/Mystic Reversal/data.json", "JSON", 0, 0, 0, 0, 0, 8, 0, 0, 0, 8
"/Users/xuanpeichen/Desktop/code/python/openai/cards/Instant/Mystic Rupture/data.json", "JSON", 0, 0, 0, 0, 0, 8, 0, 0, 0, 8
"/Users/xuanpeichen/Desktop/code/python/openai/cards/Instant/Mystic Tide/data.json", "JSON", 0, 0, 0, 0, 0, 8, 0, 0, 0, 8
"/Users/xuanpeichen/Desktop/code/python/openai/cards/Instant/Mystic Tides/data.json", "JSON", 0, 0, 0, 0, 0, 8, 0, 0, 0, 8
"/Users/xuanpeichen/Desktop/code/python/openai/cards/Instant/Mystical Barrier/data.json", "JSON", 0, 0, 0, 0, 0, 8, 0, 0, 0, 8
"/Users/xuanpeichen/Desktop/code/python/openai/cards/Instant/Mystical Shift/data.json", "JSON", 0, 0, 0, 0, 0, 8, 0, 0, 0, 8
"/Users/xuanpeichen/Desktop/code/python/openai/cards/Instant/Naturalize/data.json", "JSON", 0, 0, 0, 0, 0, 8, 0, 0, 0, 8
"/Users/xuanpeichen/Desktop/code/python/openai/cards/Instant/Nature's Reprisal/data.json", "JSON", 0, 0, 0, 0, 0, 8, 0, 0, 0, 8
"/Users/xuanpeichen/Desktop/code/python/openai/cards/Instant/Overgrowth Surge/data.json", "JSON", 0, 0, 0, 0, 0, 8, 0, 0, 0, 8
"/Users/xuanpeichen/Desktop/code/python/openai/cards/Instant/Phantasmal Distortion/data.json", "JSON", 0, 0, 0, 0, 0, 8, 0, 0, 0, 8
"/Users/xuanpeichen/Desktop/code/python/openai/cards/Instant/Primal Surge/data.json", "JSON", 0, 0, 0, 0, 0, 8, 0, 0, 0, 8
"/Users/xuanpeichen/Desktop/code/python/openai/cards/Instant/Pyroblast Surge/data.json", "JSON", 0, 0, 0, 0, 0, 8, 0, 0, 0, 8
"/Users/xuanpeichen/Desktop/code/python/openai/cards/Instant/Resurgence/data.json", "JSON", 0, 0, 0, 0, 0, 8, 0, 0, 0, 8
"/Users/xuanpeichen/Desktop/code/python/openai/cards/Instant/Sacred Reinforcement/data.json", "JSON", 0, 0, 0, 0, 0, 8, 0, 0, 0, 8
"/Users/xuanpeichen/Desktop/code/python/openai/cards/Instant/Shadow Snare/data.json", "JSON", 0, 0, 0, 0, 0, 8, 0, 0, 0, 8
"/Users/xuanpeichen/Desktop/code/python/openai/cards/Instant/Shadowform Surge/data.json", "JSON", 0, 0, 0, 0, 0, 8, 0, 0, 0, 8
"/Users/xuanpeichen/Desktop/code/python/openai/cards/Instant/Shadowstrike/data.json", "JSON", 0, 0, 0, 0, 0, 8, 0, 0, 0, 8
"/Users/xuanpeichen/Desktop/code/python/openai/cards/Instant/Summoner's Respite/data.json", "JSON", 0, 0, 0, 0, 0, 8, 0, 0, 0, 8
"/Users/xuanpeichen/Desktop/code/python/openai/cards/Instant/Swift Ward/data.json", "JSON", 0, 0, 0, 0, 0, 8, 0, 0, 0, 8
"/Users/xuanpeichen/Desktop/code/python/openai/cards/Instant/Temporal Manipulation/data.json", "JSON", 0, 0, 0, 0, 0, 8, 0, 0, 0, 8
"/Users/xuanpeichen/Desktop/code/python/openai/cards/Instant/Temporal Reversal/data.json", "JSON", 0, 0, 0, 0, 0, 8, 0, 0, 0, 8
"/Users/xuanpeichen/Desktop/code/python/openai/cards/Instant/Temporal Shift/data.json", "JSON", 0, 0, 0, 0, 0, 8, 0, 0, 0, 8
"/Users/xuanpeichen/Desktop/code/python/openai/cards/Instant/Timeless Intervention/data.json", "JSON", 0, 0, 0, 0, 0, 8, 0, 0, 0, 8
"/Users/xuanpeichen/Desktop/code/python/openai/cards/Instant/Veil of Serenity/data.json", "JSON", 0, 0, 0, 0, 0, 8, 0, 0, 0, 8
"/Users/xuanpeichen/Desktop/code/python/openai/cards/Instant/Veiled Concealment/data.json", "JSON", 0, 0, 0, 0, 0, 8, 0, 0, 0, 8
"/Users/xuanpeichen/Desktop/code/python/openai/cards/Instant/Vengeful Retribution/data.json", "JSON", 0, 0, 0, 0, 0, 8, 0, 0, 0, 8
"/Users/xuanpeichen/Desktop/code/python/openai/cards/Instant/Verdant Growth/data.json", "JSON", 0, 0, 0, 0, 0, 8, 0, 0, 0, 8
"/Users/xuanpeichen/Desktop/code/python/openai/cards/Instant/Wild Growth Rush/data.json", "JSON", 0, 0, 0, 0, 0, 8, 0, 0, 0, 8
"/Users/xuanpeichen/Desktop/code/python/openai/cards/Instant/Wild Growth/data.json", "JSON", 0, 0, 0, 0, 0, 8, 0, 0, 0, 8
"/Users/xuanpeichen/Desktop/code/python/openai/cards/creature/Aetherweaver/data.json", "JSON", 0, 0, 0, 0, 0, 11, 0, 0, 0, 11
"/Users/xuanpeichen/Desktop/code/python/openai/cards/creature/Angelic Protector/data.json", "JSON", 0, 0, 0, 0, 0, 11, 0, 0, 0, 11
"/Users/xuanpeichen/Desktop/code/python/openai/cards/creature/Avacyn, Guardian of Hope/data.json", "JSON", 0, 0, 0, 0, 0, 11, 0, 0, 0, 11
"/Users/xuanpeichen/Desktop/code/python/openai/cards/creature/Blightsteel Colossus/data.json", "JSON", 0, 0, 0, 0, 0, 11, 0, 0, 0, 11
"/Users/xuanpeichen/Desktop/code/python/openai/cards/creature/Celestial Guardian/data.json", "JSON", 0, 0, 0, 0, 0, 11, 0, 0, 0, 11
"/Users/xuanpeichen/Desktop/code/python/openai/cards/creature/Celestial Herald/data.json", "JSON", 0, 0, 0, 0, 0, 11, 0, 0, 0, 11
"/Users/xuanpeichen/Desktop/code/python/openai/cards/creature/Celestial Sentinel/data.json", "JSON", 0, 0, 0, 0, 0, 11, 0, 0, 0, 11
"/Users/xuanpeichen/Desktop/code/python/openai/cards/creature/Celestial Seraph/data.json", "JSON", 0, 0, 0, 0, 0, 11, 0, 0, 0, 11
"/Users/xuanpeichen/Desktop/code/python/openai/cards/creature/Celestial Skyweaver/data.json", "JSON", 0, 0, 0, 0, 0, 11, 0, 0, 0, 11
"/Users/xuanpeichen/Desktop/code/python/openai/cards/creature/Chronostrider/data.json", "JSON", 0, 0, 0, 0, 0, 11, 0, 0, 0, 11
"/Users/xuanpeichen/Desktop/code/python/openai/cards/creature/Dreamweaver Archivist/data.json", "JSON", 0, 0, 0, 0, 0, 11, 0, 0, 0, 11
"/Users/xuanpeichen/Desktop/code/python/openai/cards/creature/Elite Squire/data.json", "JSON", 0, 0, 0, 0, 0, 11, 0, 0, 0, 11
"/Users/xuanpeichen/Desktop/code/python/openai/cards/creature/Elvish Trailblazer/data.json", "JSON", 0, 0, 0, 0, 0, 11, 0, 0, 0, 11
"/Users/xuanpeichen/Desktop/code/python/openai/cards/creature/Emberheart Salamander/data.json", "JSON", 0, 0, 0, 0, 0, 11, 0, 0, 0, 11
"/Users/xuanpeichen/Desktop/code/python/openai/cards/creature/Essence Channeler/data.json", "JSON", 0, 0, 0, 0, 0, 11, 0, 0, 0, 11
"/Users/xuanpeichen/Desktop/code/python/openai/cards/creature/Eternal Phoenix/data.json", "JSON", 0, 0, 0, 0, 0, 11, 0, 0, 0, 11
"/Users/xuanpeichen/Desktop/code/python/openai/cards/creature/Flame Tinkerer/data.json", "JSON", 0, 0, 0, 0, 0, 11, 0, 0, 0, 11
"/Users/xuanpeichen/Desktop/code/python/openai/cards/creature/Flameblade Pyromancer/data.json", "JSON", 0, 0, 0, 0, 0, 11, 0, 0, 0, 11
"/Users/xuanpeichen/Desktop/code/python/openai/cards/creature/Harbinger of the Eternal Tides/data.json", "JSON", 0, 0, 0, 0, 0, 11, 0, 0, 0, 11
"/Users/xuanpeichen/Desktop/code/python/openai/cards/creature/Igni the Pyromancer/data.json", "JSON", 0, 0, 0, 0, 0, 11, 0, 0, 0, 11
"/Users/xuanpeichen/Desktop/code/python/openai/cards/creature/Inferno Titan/data.json", "JSON", 0, 0, 0, 0, 0, 11, 0, 0, 0, 11
"/Users/xuanpeichen/Desktop/code/python/openai/cards/creature/Kothar the Soul Reaper/data.json", "JSON", 0, 0, 0, 0, 0, 11, 0, 0, 0, 11
"/Users/xuanpeichen/Desktop/code/python/openai/cards/creature/Luminous Guardian/data.json", "JSON", 0, 0, 0, 0, 0, 11, 0, 0, 0, 11
"/Users/xuanpeichen/Desktop/code/python/openai/cards/creature/Merfolk Wayfinder/data.json", "JSON", 0, 0, 0, 0, 0, 11, 0, 0, 0, 11
"/Users/xuanpeichen/Desktop/code/python/openai/cards/creature/Mindshaper Sphinx/data.json", "JSON", 0, 0, 0, 0, 0, 11, 0, 0, 0, 11
"/Users/xuanpeichen/Desktop/code/python/openai/cards/creature/Mistweaver Adept/data.json", "JSON", 0, 0, 0, 0, 0, 11, 0, 0, 0, 11
"/Users/xuanpeichen/Desktop/code/python/openai/cards/creature/Mistweaver Drake/data.json", "JSON", 0, 0, 0, 0, 0, 11, 0, 0, 0, 11
"/Users/xuanpeichen/Desktop/code/python/openai/cards/creature/Mystic Tidecaller/data.json", "JSON", 0, 0, 0, 0, 0, 11, 0, 0, 0, 11
"/Users/xuanpeichen/Desktop/code/python/openai/cards/creature/Night Stalker  /data.json", "JSON", 0, 0, 0, 0, 0, 11, 0, 0, 0, 11
"/Users/xuanpeichen/Desktop/code/python/openai/cards/creature/Nighthaunt Assassin/data.json", "JSON", 0, 0, 0, 0, 0, 11, 0, 0, 0, 11
"/Users/xuanpeichen/Desktop/code/python/openai/cards/creature/Nyxborn Serpent/data.json", "JSON", 0, 0, 0, 0, 0, 11, 0, 0, 0, 11
"/Users/xuanpeichen/Desktop/code/python/openai/cards/creature/Oblivion Devourer/data.json", "JSON", 0, 0, 0, 0, 0, 11, 0, 0, 0, 11
"/Users/xuanpeichen/Desktop/code/python/openai/cards/creature/Pious Courser/data.json", "JSON", 0, 0, 0, 0, 0, 11, 0, 0, 0, 11
"/Users/xuanpeichen/Desktop/code/python/openai/cards/creature/Raging Firekin/data.json", "JSON", 0, 0, 0, 0, 0, 11, 0, 0, 0, 11
"/Users/xuanpeichen/Desktop/code/python/openai/cards/creature/Ravaging Ghoul/data.json", "JSON", 0, 0, 0, 0, 0, 11, 0, 0, 0, 11
"/Users/xuanpeichen/Desktop/code/python/openai/cards/creature/Sage of the Ancient Grove/data.json", "JSON", 0, 0, 0, 0, 0, 11, 0, 0, 0, 11
"/Users/xuanpeichen/Desktop/code/python/openai/cards/creature/Shadowtide Leviathan/data.json", "JSON", 0, 0, 0, 0, 0, 11, 0, 0, 0, 11
"/Users/xuanpeichen/Desktop/code/python/openai/cards/creature/Spectral Harbinger/data.json", "JSON", 0, 0, 0, 0, 0, 11, 0, 0, 0, 11
"/Users/xuanpeichen/Desktop/code/python/openai/cards/creature/Sunlit Priestess/data.json", "JSON", 0, 0, 0, 0, 0, 11, 0, 0, 0, 11
"/Users/xuanpeichen/Desktop/code/python/openai/cards/creature/Sylvan Warden/data.json", "JSON", 0, 0, 0, 0, 0, 11, 0, 0, 0, 11
"/Users/xuanpeichen/Desktop/code/python/openai/cards/creature/Thalassian Tidecaller/data.json", "JSON", 0, 0, 0, 0, 0, 11, 0, 0, 0, 11
"/Users/xuanpeichen/Desktop/code/python/openai/cards/creature/Thornroot Druid/data.json", "JSON", 0, 0, 0, 0, 0, 11, 0, 0, 0, 11
"/Users/xuanpeichen/Desktop/code/python/openai/cards/creature/Thornwood Guardian/data.json", "JSON", 0, 0, 0, 0, 0, 11, 0, 0, 0, 11
"/Users/xuanpeichen/Desktop/code/python/openai/cards/creature/Thornwood Ranger/data.json", "JSON", 0, 0, 0, 0, 0, 11, 0, 0, 0, 11
"/Users/xuanpeichen/Desktop/code/python/openai/cards/creature/Thornwood Sentinel/data.json", "JSON", 0, 0, 0, 0, 0, 11, 0, 0, 0, 11
"/Users/xuanpeichen/Desktop/code/python/openai/cards/creature/Thunderclap Behemoth/data.json", "JSON", 0, 0, 0, 0, 0, 11, 0, 0, 0, 11
"/Users/xuanpeichen/Desktop/code/python/openai/cards/creature/Tidal Sprite/data.json", "JSON", 0, 0, 0, 0, 0, 11, 0, 0, 0, 11
"/Users/xuanpeichen/Desktop/code/python/openai/cards/creature/Torrent Elemental/data.json", "JSON", 0, 0, 0, 0, 0, 11, 0, 0, 0, 11
"/Users/xuanpeichen/Desktop/code/python/openai/cards/creature/Verdant Wyrm/data.json", "JSON", 0, 0, 0, 0, 0, 11, 0, 0, 0, 11
"/Users/xuanpeichen/Desktop/code/python/openai/cards/creature/Voidwisp Harbinger/data.json", "JSON", 0, 0, 0, 0, 0, 11, 0, 0, 0, 11
"/Users/xuanpeichen/Desktop/code/python/openai/cards/creature/Vorinclex, Apex of Mutation/data.json", "JSON", 0, 0, 0, 0, 0, 11, 0, 0, 0, 11
"/Users/xuanpeichen/Desktop/code/python/openai/cards/land/Aetheric Nexus/data.json", "JSON", 0, 0, 0, 0, 0, 8, 0, 0, 0, 8
"/Users/xuanpeichen/Desktop/code/python/openai/cards/land/Arcane Haven/data.json", "JSON", 0, 0, 0, 0, 0, 8, 0, 0, 0, 8
"/Users/xuanpeichen/Desktop/code/python/openai/cards/land/Arcane Sanctuary/data.json", "JSON", 0, 0, 0, 0, 0, 8, 0, 0, 0, 8
"/Users/xuanpeichen/Desktop/code/python/openai/cards/land/Celestial Haven/data.json", "JSON", 0, 0, 0, 0, 0, 8, 0, 0, 0, 8
"/Users/xuanpeichen/Desktop/code/python/openai/cards/land/Elysian Grove/data.json", "JSON", 0, 0, 0, 0, 0, 8, 0, 0, 0, 8
"/Users/xuanpeichen/Desktop/code/python/openai/cards/land/Luminous Glade/data.json", "JSON", 0, 0, 0, 0, 0, 8, 0, 0, 0, 8
"/Users/xuanpeichen/Desktop/code/python/openai/cards/land/Mystic Reflection Pool/data.json", "JSON", 0, 0, 0, 0, 0, 8, 0, 0, 0, 8
"/Users/xuanpeichen/Desktop/code/python/openai/cards/land/Nexus of the Eternal Seas/data.json", "JSON", 0, 0, 0, 0, 0, 8, 0, 0, 0, 8
"/Users/xuanpeichen/Desktop/code/python/openai/cards/land/Sanctum of Eternal Flames/data.json", "JSON", 0, 0, 0, 0, 0, 8, 0, 0, 0, 8
"/Users/xuanpeichen/Desktop/code/python/openai/cards/land/Sanctum of Verdant Growth/data.json", "JSON", 0, 0, 0, 0, 0, 8, 0, 0, 0, 8
"/Users/xuanpeichen/Desktop/code/python/openai/cards/land/Verdant Sanctuary/data.json", "JSON", 0, 0, 0, 0, 0, 8, 0, 0, 0, 8
"/Users/xuanpeichen/Desktop/code/python/openai/cards/land/Volcanic Fumaroles/data.json", "JSON", 0, 0, 0, 0, 0, 8, 0, 0, 0, 8
"/Users/xuanpeichen/Desktop/code/python/openai/cards/sorcery/Angelic Blessing/data.json", "JSON", 0, 0, 0, 0, 0, 8, 0, 0, 0, 8
"/Users/xuanpeichen/Desktop/code/python/openai/cards/sorcery/Arcane Convergence/data.json", "JSON", 0, 0, 0, 0, 0, 8, 0, 0, 0, 8
"/Users/xuanpeichen/Desktop/code/python/openai/cards/sorcery/Arcane Torrent/data.json", "JSON", 0, 0, 0, 0, 0, 8, 0, 0, 0, 8
"/Users/xuanpeichen/Desktop/code/python/openai/cards/sorcery/Call of the Ancient Ones/data.json", "JSON", 0, 0, 0, 0, 0, 8, 0, 0, 0, 8
"/Users/xuanpeichen/Desktop/code/python/openai/cards/sorcery/Call of the Tides/data.json", "JSON", 0, 0, 0, 0, 0, 8, 0, 0, 0, 8
"/Users/xuanpeichen/Desktop/code/python/openai/cards/sorcery/Call to Unity/data.json", "JSON", 0, 0, 0, 0, 0, 8, 0, 0, 0, 8
"/Users/xuanpeichen/Desktop/code/python/openai/cards/sorcery/Cataclysmic Inferno/data.json", "JSON", 0, 0, 0, 0, 0, 8, 0, 0, 0, 8
"/Users/xuanpeichen/Desktop/code/python/openai/cards/sorcery/Cataclysmic Surge/data.json", "JSON", 0, 0, 0, 0, 0, 8, 0, 0, 0, 8
"/Users/xuanpeichen/Desktop/code/python/openai/cards/sorcery/Celestial Purge/data.json", "JSON", 0, 0, 0, 0, 0, 8, 0, 0, 0, 8
"/Users/xuanpeichen/Desktop/code/python/openai/cards/sorcery/Celestial Renewal/data.json", "JSON", 0, 0, 0, 0, 0, 8, 0, 0, 0, 8
"/Users/xuanpeichen/Desktop/code/python/openai/cards/sorcery/Chaos Unleashed/data.json", "JSON", 0, 0, 0, 0, 0, 8, 0, 0, 0, 8
"/Users/xuanpeichen/Desktop/code/python/openai/cards/sorcery/Chaotic Eruption/data.json", "JSON", 0, 0, 0, 0, 0, 8, 0, 0, 0, 8
"/Users/xuanpeichen/Desktop/code/python/openai/cards/sorcery/Dark Offering/data.json", "JSON", 0, 0, 0, 0, 0, 8, 0, 0, 0, 8
"/Users/xuanpeichen/Desktop/code/python/openai/cards/sorcery/Demonic Ascendance/data.json", "JSON", 0, 0, 0, 0, 0, 8, 0, 0, 0, 8
"/Users/xuanpeichen/Desktop/code/python/openai/cards/sorcery/Divine Intervention/data.json", "JSON", 0, 0, 0, 0, 0, 8, 0, 0, 0, 8
"/Users/xuanpeichen/Desktop/code/python/openai/cards/sorcery/Divine Offering/data.json", "JSON", 0, 0, 0, 0, 0, 8, 0, 0, 0, 8
"/Users/xuanpeichen/Desktop/code/python/openai/cards/sorcery/Divine Rebirth/data.json", "JSON", 0, 0, 0, 0, 0, 8, 0, 0, 0, 8
"/Users/xuanpeichen/Desktop/code/python/openai/cards/sorcery/Divine Reckoning/data.json", "JSON", 0, 0, 0, 0, 0, 8, 0, 0, 0, 8
"/Users/xuanpeichen/Desktop/code/python/openai/cards/sorcery/Eldritch Rebirth/data.json", "JSON", 0, 0, 0, 0, 0, 8, 0, 0, 0, 8
"/Users/xuanpeichen/Desktop/code/python/openai/cards/sorcery/Ephemeral Eruption/data.json", "JSON", 0, 0, 0, 0, 0, 8, 0, 0, 0, 8
"/Users/xuanpeichen/Desktop/code/python/openai/cards/sorcery/Fiery Burst/data.json", "JSON", 0, 0, 0, 0, 0, 8, 0, 0, 0, 8
"/Users/xuanpeichen/Desktop/code/python/openai/cards/sorcery/Flames of Fury/data.json", "JSON", 0, 0, 0, 0, 0, 8, 0, 0, 0, 8
"/Users/xuanpeichen/Desktop/code/python/openai/cards/sorcery/Fleeting Insight/data.json", "JSON", 0, 0, 0, 0, 0, 8, 0, 0, 0, 8
"/Users/xuanpeichen/Desktop/code/python/openai/cards/sorcery/Harvest Blessing/data.json", "JSON", 0, 0, 0, 0, 0, 8, 0, 0, 0, 8
"/Users/xuanpeichen/Desktop/code/python/openai/cards/sorcery/Mind's Insight/data.json", "JSON", 0, 0, 0, 0, 0, 8, 0, 0, 0, 8
"/Users/xuanpeichen/Desktop/code/python/openai/cards/sorcery/Mindful Manipulation/data.json", "JSON", 0, 0, 0, 0, 0, 8, 0, 0, 0, 8
"/Users/xuanpeichen/Desktop/code/python/openai/cards/sorcery/Mindful Reflection/data.json", "JSON", 0, 0, 0, 0, 0, 8, 0, 0, 0, 8
"/Users/xuanpeichen/Desktop/code/python/openai/cards/sorcery/Mystic Insight/data.json", "JSON", 0, 0, 0, 0, 0, 8, 0, 0, 0, 8
"/Users/xuanpeichen/Desktop/code/python/openai/cards/sorcery/Mystic Reversal/data.json", "JSON", 0, 0, 0, 0, 0, 8, 0, 0, 0, 8
"/Users/xuanpeichen/Desktop/code/python/openai/cards/sorcery/Natural Growth/data.json", "JSON", 0, 0, 0, 0, 0, 8, 0, 0, 0, 8
"/Users/xuanpeichen/Desktop/code/python/openai/cards/sorcery/Natural Harmony/data.json", "JSON", 0, 0, 0, 0, 0, 8, 0, 0, 0, 8
"/Users/xuanpeichen/Desktop/code/python/openai/cards/sorcery/Naturalize/data.json", "JSON", 0, 0, 0, 0, 0, 8, 0, 0, 0, 8
"/Users/xuanpeichen/Desktop/code/python/openai/cards/sorcery/Nature's Embrace/data.json", "JSON", 0, 0, 0, 0, 0, 8, 0, 0, 0, 8
"/Users/xuanpeichen/Desktop/code/python/openai/cards/sorcery/Overgrowth/data.json", "JSON", 0, 0, 0, 0, 0, 8, 0, 0, 0, 8
"/Users/xuanpeichen/Desktop/code/python/openai/cards/sorcery/Rift in Reality/data.json", "JSON", 0, 0, 0, 0, 0, 8, 0, 0, 0, 8
"/Users/xuanpeichen/Desktop/code/python/openai/cards/sorcery/Righteous Conviction/data.json", "JSON", 0, 0, 0, 0, 0, 8, 0, 0, 0, 8
"/Users/xuanpeichen/Desktop/code/python/openai/cards/sorcery/Soul Siphon/data.json", "JSON", 0, 0, 0, 0, 0, 8, 0, 0, 0, 8
"/Users/xuanpeichen/Desktop/code/python/openai/cards/sorcery/Spectral Embrace/data.json", "JSON", 0, 0, 0, 0, 0, 8, 0, 0, 0, 8
"/Users/xuanpeichen/Desktop/code/python/openai/cards/sorcery/Temporal Distortion/data.json", "JSON", 0, 0, 0, 0, 0, 8, 0, 0, 0, 8
"/Users/xuanpeichen/Desktop/code/python/openai/cards/sorcery/Temporal Flux/data.json", "JSON", 0, 0, 0, 0, 0, 8, 0, 0, 0, 8
"/Users/xuanpeichen/Desktop/code/python/openai/cards/sorcery/Time Rift Convergence/data.json", "JSON", 0, 0, 0, 0, 0, 8, 0, 0, 0, 8
"/Users/xuanpeichen/Desktop/code/python/openai/cards/sorcery/Torrential Manipulation/data.json", "JSON", 0, 0, 0, 0, 0, 8, 0, 0, 0, 8
"/Users/xuanpeichen/Desktop/code/python/openai/cards/sorcery/Treasure Hunt/data.json", "JSON", 0, 0, 0, 0, 0, 8, 0, 0, 0, 8
"/Users/xuanpeichen/Desktop/code/python/openai/cards/sorcery/Unleash the Elements/data.json", "JSON", 0, 0, 0, 0, 0, 8, 0, 0, 0, 8
"/Users/xuanpeichen/Desktop/code/python/openai/cards/sorcery/Unyielding Resolve/data.json", "JSON", 0, 0, 0, 0, 0, 8, 0, 0, 0, 8
"/Users/xuanpeichen/Desktop/code/python/openai/cards/sorcery/Vampiric Revelry/data.json", "JSON", 0, 0, 0, 0, 0, 8, 0, 0, 0, 8
"/Users/xuanpeichen/Desktop/code/python/openai/cards/sorcery/Verdant Genesis/data.json", "JSON", 0, 0, 0, 0, 0, 8, 0, 0, 0, 8
"/Users/xuanpeichen/Desktop/code/python/openai/cards/sorcery/Wild Growth/data.json", "JSON", 0, 0, 0, 0, 0, 8, 0, 0, 0, 8
"/Users/xuanpeichen/Desktop/code/python/openai/database.py", "Python", 326, 0, 0, 0, 0, 0, 0, 21, 89, 436
"/Users/xuanpeichen/Desktop/code/python/openai/game/action.py", "Python", 7, 0, 0, 0, 0, 0, 0, 0, 6, 13
"/Users/xuanpeichen/Desktop/code/python/openai/game/card.py", "Python", 49, 0, 0, 0, 0, 0, 0, 3, 28, 80
"/Users/xuanpeichen/Desktop/code/python/openai/game/game_function_tool.py", "Python", 64, 0, 0, 0, 0, 0, 0, 0, 32, 96
"/Users/xuanpeichen/Desktop/code/python/openai/game/player.py", "Python", 137, 0, 0, 0, 0, 0, 0, 16, 69, 222
"/Users/xuanpeichen/Desktop/code/python/openai/game/pydantic_model.py", "Python", 15, 0, 0, 0, 0, 0, 0, 0, 10, 25
"/Users/xuanpeichen/Desktop/code/python/openai/game/room.py", "Python", 93, 0, 0, 0, 0, 0, 0, 12, 50, 155
"/Users/xuanpeichen/Desktop/code/python/openai/game/room_server.py", "Python", 52, 0, 0, 0, 0, 0, 0, 0, 40, 92
"/Users/xuanpeichen/Desktop/code/python/openai/game/type_action/actions.py", "Python", 23, 0, 0, 0, 0, 0, 0, 0, 17, 40
"/Users/xuanpeichen/Desktop/code/python/openai/game/type_cards/creature.py", "Python", 50, 0, 0, 0, 0, 0, 0, 6, 38, 94
"/Users/xuanpeichen/Desktop/code/python/openai/game/type_cards/instant.py", "Python", 15, 0, 0, 0, 0, 0, 0, 0, 12, 27
"/Users/xuanpeichen/Desktop/code/python/openai/game/type_cards/land.py", "Python", 22, 0, 0, 0, 0, 0, 0, 0, 20, 42
"/Users/xuanpeichen/Desktop/code/python/openai/game/type_cards/sorcery.py", "Python", 18, 0, 0, 0, 0, 0, 0, 0, 14, 32
"/Users/xuanpeichen/Desktop/code/python/openai/image.py", "Python", 66, 0, 0, 0, 0, 0, 0, 8, 32, 106
"/Users/xuanpeichen/Desktop/code/python/openai/initinal_file.py", "Python", 6, 0, 0, 0, 0, 0, 0, 0, 4, 10
"/Users/xuanpeichen/Desktop/code/python/openai/main.py", "Python", 12, 0, 0, 0, 0, 0, 0, 0, 2, 14
"/Users/xuanpeichen/Desktop/code/python/openai/packet/math.min.js", "JavaScript", 0, 0, 0, 1, 0, 0, 0, 0, 0, 1
"/Users/xuanpeichen/Desktop/code/python/openai/packs.py", "Python", 124, 0, 0, 0, 0, 0, 0, 5, 33, 162
"/Users/xuanpeichen/Desktop/code/python/openai/pycards/Instant/Aquatic_Evasion/model.py", "Python", 12, 0, 0, 0, 0, 0, 0, 0, 12, 24
"/Users/xuanpeichen/Desktop/code/python/openai/pycards/Instant/Arcane_Inferno/model.py", "Python", 12, 0, 0, 0, 0, 0, 0, 0, 12, 24
"/Users/xuanpeichen/Desktop/code/python/openai/pycards/Instant/Arcane_Insight/model.py", "Python", 12, 0, 0, 0, 0, 0, 0, 0, 12, 24
"/Users/xuanpeichen/Desktop/code/python/openai/pycards/Instant/Arcane_Intervention/model.py", "Python", 12, 0, 0, 0, 0, 0, 0, 0, 12, 24
"/Users/xuanpeichen/Desktop/code/python/openai/pycards/Instant/Arcane_Reflection/model.py", "Python", 12, 0, 0, 0, 0, 0, 0, 0, 12, 24
"/Users/xuanpeichen/Desktop/code/python/openai/pycards/Instant/Astral_Resurgence/model.py", "Python", 12, 0, 0, 0, 0, 0, 0, 0, 12, 24
"/Users/xuanpeichen/Desktop/code/python/openai/pycards/Instant/Avenging_Light/model.py", "Python", 12, 0, 0, 0, 0, 0, 0, 0, 12, 24
"/Users/xuanpeichen/Desktop/code/python/openai/pycards/Instant/Blazing_Reversal/model.py", "Python", 12, 0, 0, 0, 0, 0, 0, 0, 12, 24
"/Users/xuanpeichen/Desktop/code/python/openai/pycards/Instant/Celestial_Convergence/model.py", "Python", 12, 0, 0, 0, 0, 0, 0, 0, 12, 24
"/Users/xuanpeichen/Desktop/code/python/openai/pycards/Instant/Celestial_Intervention/model.py", "Python", 12, 0, 0, 0, 0, 0, 0, 0, 12, 24
"/Users/xuanpeichen/Desktop/code/python/openai/pycards/Instant/Celestial_Rebirth/model.py", "Python", 12, 0, 0, 0, 0, 0, 0, 0, 12, 24
"/Users/xuanpeichen/Desktop/code/python/openai/pycards/Instant/Divine_Intervention/model.py", "Python", 12, 0, 0, 0, 0, 0, 0, 0, 12, 24
"/Users/xuanpeichen/Desktop/code/python/openai/pycards/Instant/Divine_Reprisal/model.py", "Python", 12, 0, 0, 0, 0, 0, 0, 0, 12, 24
"/Users/xuanpeichen/Desktop/code/python/openai/pycards/Instant/Ephemeral_Bolt/model.py", "Python", 12, 0, 0, 0, 0, 0, 0, 0, 12, 24
"/Users/xuanpeichen/Desktop/code/python/openai/pycards/Instant/Ephemeral_Insight/model.py", "Python", 12, 0, 0, 0, 0, 0, 0, 0, 12, 24
"/Users/xuanpeichen/Desktop/code/python/openai/pycards/Instant/Ephemeral_Response/model.py", "Python", 12, 0, 0, 0, 0, 0, 0, 0, 12, 24
"/Users/xuanpeichen/Desktop/code/python/openai/pycards/Instant/Ephemeral_Vision/model.py", "Python", 12, 0, 0, 0, 0, 0, 0, 0, 12, 24
"/Users/xuanpeichen/Desktop/code/python/openai/pycards/Instant/Ethereal_Convergence/model.py", "Python", 12, 0, 0, 0, 0, 0, 0, 0, 12, 24
"/Users/xuanpeichen/Desktop/code/python/openai/pycards/Instant/Ethereal_Reversal/model.py", "Python", 12, 0, 0, 0, 0, 0, 0, 0, 12, 24
"/Users/xuanpeichen/Desktop/code/python/openai/pycards/Instant/Ethereal_Surge/model.py", "Python", 12, 0, 0, 0, 0, 0, 0, 0, 12, 24
"/Users/xuanpeichen/Desktop/code/python/openai/pycards/Instant/Fiery_Blast/model.py", "Python", 12, 0, 0, 0, 0, 0, 0, 0, 12, 24
"/Users/xuanpeichen/Desktop/code/python/openai/pycards/Instant/Flames_of_Fury/model.py", "Python", 12, 0, 0, 0, 0, 0, 0, 0, 12, 24
"/Users/xuanpeichen/Desktop/code/python/openai/pycards/Instant/Honorable_Protection/model.py", "Python", 12, 0, 0, 0, 0, 0, 0, 0, 12, 24
"/Users/xuanpeichen/Desktop/code/python/openai/pycards/Instant/Mindweave/model.py", "Python", 12, 0, 0, 0, 0, 0, 0, 0, 12, 24
"/Users/xuanpeichen/Desktop/code/python/openai/pycards/Instant/Mystic_Confluence/model.py", "Python", 12, 0, 0, 0, 0, 0, 0, 0, 12, 24
"/Users/xuanpeichen/Desktop/code/python/openai/pycards/Instant/Mystic_Convergence/model.py", "Python", 12, 0, 0, 0, 0, 0, 0, 0, 12, 24
"/Users/xuanpeichen/Desktop/code/python/openai/pycards/Instant/Mystic_Evasion/model.py", "Python", 12, 0, 0, 0, 0, 0, 0, 0, 12, 24
"/Users/xuanpeichen/Desktop/code/python/openai/pycards/Instant/Mystic_Evocation/model.py", "Python", 12, 0, 0, 0, 0, 0, 0, 0, 12, 24
"/Users/xuanpeichen/Desktop/code/python/openai/pycards/Instant/Mystic_Insight/model.py", "Python", 12, 0, 0, 0, 0, 0, 0, 0, 12, 24
"/Users/xuanpeichen/Desktop/code/python/openai/pycards/Instant/Mystic_Reflection/model.py", "Python", 12, 0, 0, 0, 0, 0, 0, 0, 12, 24
"/Users/xuanpeichen/Desktop/code/python/openai/pycards/Instant/Mystic_Reversal/model.py", "Python", 12, 0, 0, 0, 0, 0, 0, 0, 12, 24
"/Users/xuanpeichen/Desktop/code/python/openai/pycards/Instant/Mystic_Rupture/model.py", "Python", 12, 0, 0, 0, 0, 0, 0, 0, 12, 24
"/Users/xuanpeichen/Desktop/code/python/openai/pycards/Instant/Mystic_Tide/model.py", "Python", 12, 0, 0, 0, 0, 0, 0, 0, 12, 24
"/Users/xuanpeichen/Desktop/code/python/openai/pycards/Instant/Mystic_Tides/model.py", "Python", 12, 0, 0, 0, 0, 0, 0, 0, 12, 24
"/Users/xuanpeichen/Desktop/code/python/openai/pycards/Instant/Mystical_Barrier/model.py", "Python", 12, 0, 0, 0, 0, 0, 0, 0, 12, 24
"/Users/xuanpeichen/Desktop/code/python/openai/pycards/Instant/Mystical_Shift/model.py", "Python", 12, 0, 0, 0, 0, 0, 0, 0, 12, 24
"/Users/xuanpeichen/Desktop/code/python/openai/pycards/Instant/Naturalize/model.py", "Python", 12, 0, 0, 0, 0, 0, 0, 0, 12, 24
"/Users/xuanpeichen/Desktop/code/python/openai/pycards/Instant/Nature_s_Reprisal/model.py", "Python", 12, 0, 0, 0, 0, 0, 0, 0, 12, 24
"/Users/xuanpeichen/Desktop/code/python/openai/pycards/Instant/Overgrowth_Surge/model.py", "Python", 12, 0, 0, 0, 0, 0, 0, 0, 12, 24
"/Users/xuanpeichen/Desktop/code/python/openai/pycards/Instant/Phantasmal_Distortion/model.py", "Python", 12, 0, 0, 0, 0, 0, 0, 0, 12, 24
"/Users/xuanpeichen/Desktop/code/python/openai/pycards/Instant/Primal_Surge/model.py", "Python", 12, 0, 0, 0, 0, 0, 0, 0, 12, 24
"/Users/xuanpeichen/Desktop/code/python/openai/pycards/Instant/Pyroblast_Surge/model.py", "Python", 12, 0, 0, 0, 0, 0, 0, 0, 12, 24
"/Users/xuanpeichen/Desktop/code/python/openai/pycards/Instant/Resurgence/model.py", "Python", 12, 0, 0, 0, 0, 0, 0, 0, 12, 24
"/Users/xuanpeichen/Desktop/code/python/openai/pycards/Instant/Sacred_Reinforcement/model.py", "Python", 12, 0, 0, 0, 0, 0, 0, 0, 12, 24
"/Users/xuanpeichen/Desktop/code/python/openai/pycards/Instant/Shadow_Snare/model.py", "Python", 12, 0, 0, 0, 0, 0, 0, 0, 12, 24
"/Users/xuanpeichen/Desktop/code/python/openai/pycards/Instant/Shadowform_Surge/model.py", "Python", 12, 0, 0, 0, 0, 0, 0, 0, 12, 24
"/Users/xuanpeichen/Desktop/code/python/openai/pycards/Instant/Shadowstrike/model.py", "Python", 12, 0, 0, 0, 0, 0, 0, 0, 12, 24
"/Users/xuanpeichen/Desktop/code/python/openai/pycards/Instant/Summoner_s_Respite/model.py", "Python", 12, 0, 0, 0, 0, 0, 0, 0, 12, 24
"/Users/xuanpeichen/Desktop/code/python/openai/pycards/Instant/Swift_Ward/model.py", "Python", 12, 0, 0, 0, 0, 0, 0, 0, 12, 24
"/Users/xuanpeichen/Desktop/code/python/openai/pycards/Instant/Temporal_Manipulation/model.py", "Python", 12, 0, 0, 0, 0, 0, 0, 0, 12, 24
"/Users/xuanpeichen/Desktop/code/python/openai/pycards/Instant/Temporal_Reversal/model.py", "Python", 12, 0, 0, 0, 0, 0, 0, 0, 12, 24
"/Users/xuanpeichen/Desktop/code/python/openai/pycards/Instant/Temporal_Shift/model.py", "Python", 12, 0, 0, 0, 0, 0, 0, 0, 12, 24
"/Users/xuanpeichen/Desktop/code/python/openai/pycards/Instant/Timeless_Intervention/model.py", "Python", 12, 0, 0, 0, 0, 0, 0, 0, 12, 24
"/Users/xuanpeichen/Desktop/code/python/openai/pycards/Instant/Veil_of_Serenity/model.py", "Python", 12, 0, 0, 0, 0, 0, 0, 0, 12, 24
"/Users/xuanpeichen/Desktop/code/python/openai/pycards/Instant/Veiled_Concealment/model.py", "Python", 12, 0, 0, 0, 0, 0, 0, 0, 12, 24
"/Users/xuanpeichen/Desktop/code/python/openai/pycards/Instant/Vengeful_Retribution/model.py", "Python", 12, 0, 0, 0, 0, 0, 0, 0, 12, 24
"/Users/xuanpeichen/Desktop/code/python/openai/pycards/Instant/Verdant_Growth/model.py", "Python", 12, 0, 0, 0, 0, 0, 0, 0, 12, 24
"/Users/xuanpeichen/Desktop/code/python/openai/pycards/Instant/Wild_Growth/model.py", "Python", 12, 0, 0, 0, 0, 0, 0, 0, 12, 24
"/Users/xuanpeichen/Desktop/code/python/openai/pycards/Instant/Wild_Growth_Rush/model.py", "Python", 12, 0, 0, 0, 0, 0, 0, 0, 12, 24
"/Users/xuanpeichen/Desktop/code/python/openai/pycards/__init__.py", "Python", 170, 0, 0, 0, 0, 0, 0, 0, 2, 172
"/Users/xuanpeichen/Desktop/code/python/openai/pycards/creature/Aetherweaver/model.py", "Python", 15, 0, 0, 0, 0, 0, 0, 0, 12, 27
"/Users/xuanpeichen/Desktop/code/python/openai/pycards/creature/Angelic_Protector/model.py", "Python", 15, 0, 0, 0, 0, 0, 0, 0, 12, 27
"/Users/xuanpeichen/Desktop/code/python/openai/pycards/creature/Avacyn__Guardian_of_Hope/model.py", "Python", 15, 0, 0, 0, 0, 0, 0, 0, 12, 27
"/Users/xuanpeichen/Desktop/code/python/openai/pycards/creature/Blightsteel_Colossus/model.py", "Python", 15, 0, 0, 0, 0, 0, 0, 0, 12, 27
"/Users/xuanpeichen/Desktop/code/python/openai/pycards/creature/Celestial_Guardian/model.py", "Python", 15, 0, 0, 0, 0, 0, 0, 0, 12, 27
"/Users/xuanpeichen/Desktop/code/python/openai/pycards/creature/Celestial_Herald/model.py", "Python", 15, 0, 0, 0, 0, 0, 0, 0, 12, 27
"/Users/xuanpeichen/Desktop/code/python/openai/pycards/creature/Celestial_Sentinel/model.py", "Python", 15, 0, 0, 0, 0, 0, 0, 0, 12, 27
"/Users/xuanpeichen/Desktop/code/python/openai/pycards/creature/Celestial_Seraph/model.py", "Python", 15, 0, 0, 0, 0, 0, 0, 0, 12, 27
"/Users/xuanpeichen/Desktop/code/python/openai/pycards/creature/Celestial_Skyweaver/model.py", "Python", 15, 0, 0, 0, 0, 0, 0, 0, 12, 27
"/Users/xuanpeichen/Desktop/code/python/openai/pycards/creature/Chronostrider/model.py", "Python", 15, 0, 0, 0, 0, 0, 0, 0, 12, 27
"/Users/xuanpeichen/Desktop/code/python/openai/pycards/creature/Dreamweaver_Archivist/model.py", "Python", 15, 0, 0, 0, 0, 0, 0, 0, 12, 27
"/Users/xuanpeichen/Desktop/code/python/openai/pycards/creature/Elite_Squire/model.py", "Python", 15, 0, 0, 0, 0, 0, 0, 0, 12, 27
"/Users/xuanpeichen/Desktop/code/python/openai/pycards/creature/Elvish_Trailblazer/model.py", "Python", 15, 0, 0, 0, 0, 0, 0, 0, 12, 27
"/Users/xuanpeichen/Desktop/code/python/openai/pycards/creature/Emberheart_Salamander/model.py", "Python", 15, 0, 0, 0, 0, 0, 0, 0, 12, 27
"/Users/xuanpeichen/Desktop/code/python/openai/pycards/creature/Essence_Channeler/model.py", "Python", 15, 0, 0, 0, 0, 0, 0, 0, 12, 27
"/Users/xuanpeichen/Desktop/code/python/openai/pycards/creature/Eternal_Phoenix/model.py", "Python", 15, 0, 0, 0, 0, 0, 0, 0, 12, 27
"/Users/xuanpeichen/Desktop/code/python/openai/pycards/creature/Flame_Tinkerer/model.py", "Python", 15, 0, 0, 0, 0, 0, 0, 0, 12, 27
"/Users/xuanpeichen/Desktop/code/python/openai/pycards/creature/Flameblade_Pyromancer/model.py", "Python", 15, 0, 0, 0, 0, 0, 0, 0, 12, 27
"/Users/xuanpeichen/Desktop/code/python/openai/pycards/creature/Harbinger_of_the_Eternal_Tides/model.py", "Python", 15, 0, 0, 0, 0, 0, 0, 0, 12, 27
"/Users/xuanpeichen/Desktop/code/python/openai/pycards/creature/Igni_the_Pyromancer/model.py", "Python", 15, 0, 0, 0, 0, 0, 0, 0, 12, 27
"/Users/xuanpeichen/Desktop/code/python/openai/pycards/creature/Inferno_Titan/model.py", "Python", 15, 0, 0, 0, 0, 0, 0, 0, 12, 27
"/Users/xuanpeichen/Desktop/code/python/openai/pycards/creature/Kothar_the_Soul_Reaper/model.py", "Python", 15, 0, 0, 0, 0, 0, 0, 0, 12, 27
"/Users/xuanpeichen/Desktop/code/python/openai/pycards/creature/Luminous_Guardian/model.py", "Python", 15, 0, 0, 0, 0, 0, 0, 0, 12, 27
"/Users/xuanpeichen/Desktop/code/python/openai/pycards/creature/Merfolk_Wayfinder/model.py", "Python", 15, 0, 0, 0, 0, 0, 0, 0, 12, 27
"/Users/xuanpeichen/Desktop/code/python/openai/pycards/creature/Mindshaper_Sphinx/model.py", "Python", 15, 0, 0, 0, 0, 0, 0, 0, 12, 27
"/Users/xuanpeichen/Desktop/code/python/openai/pycards/creature/Mistweaver_Adept/model.py", "Python", 15, 0, 0, 0, 0, 0, 0, 0, 12, 27
"/Users/xuanpeichen/Desktop/code/python/openai/pycards/creature/Mistweaver_Drake/model.py", "Python", 15, 0, 0, 0, 0, 0, 0, 0, 12, 27
"/Users/xuanpeichen/Desktop/code/python/openai/pycards/creature/Mystic_Tidecaller/model.py", "Python", 15, 0, 0, 0, 0, 0, 0, 0, 12, 27
"/Users/xuanpeichen/Desktop/code/python/openai/pycards/creature/Night_Stalker__/model.py", "Python", 15, 0, 0, 0, 0, 0, 0, 0, 12, 27
"/Users/xuanpeichen/Desktop/code/python/openai/pycards/creature/Nighthaunt_Assassin/model.py", "Python", 15, 0, 0, 0, 0, 0, 0, 0, 12, 27
"/Users/xuanpeichen/Desktop/code/python/openai/pycards/creature/Nyxborn_Serpent/model.py", "Python", 15, 0, 0, 0, 0, 0, 0, 0, 12, 27
"/Users/xuanpeichen/Desktop/code/python/openai/pycards/creature/Oblivion_Devourer/model.py", "Python", 15, 0, 0, 0, 0, 0, 0, 0, 12, 27
"/Users/xuanpeichen/Desktop/code/python/openai/pycards/creature/Pious_Courser/model.py", "Python", 15, 0, 0, 0, 0, 0, 0, 0, 12, 27
"/Users/xuanpeichen/Desktop/code/python/openai/pycards/creature/Raging_Firekin/model.py", "Python", 15, 0, 0, 0, 0, 0, 0, 0, 12, 27
"/Users/xuanpeichen/Desktop/code/python/openai/pycards/creature/Ravaging_Ghoul/model.py", "Python", 15, 0, 0, 0, 0, 0, 0, 0, 12, 27
"/Users/xuanpeichen/Desktop/code/python/openai/pycards/creature/Sage_of_the_Ancient_Grove/model.py", "Python", 15, 0, 0, 0, 0, 0, 0, 0, 12, 27
"/Users/xuanpeichen/Desktop/code/python/openai/pycards/creature/Shadowtide_Leviathan/model.py", "Python", 15, 0, 0, 0, 0, 0, 0, 0, 12, 27
"/Users/xuanpeichen/Desktop/code/python/openai/pycards/creature/Spectral_Harbinger/model.py", "Python", 15, 0, 0, 0, 0, 0, 0, 0, 12, 27
"/Users/xuanpeichen/Desktop/code/python/openai/pycards/creature/Sunlit_Priestess/model.py", "Python", 15, 0, 0, 0, 0, 0, 0, 0, 12, 27
"/Users/xuanpeichen/Desktop/code/python/openai/pycards/creature/Sylvan_Warden/model.py", "Python", 15, 0, 0, 0, 0, 0, 0, 0, 12, 27
"/Users/xuanpeichen/Desktop/code/python/openai/pycards/creature/Thalassian_Tidecaller/model.py", "Python", 15, 0, 0, 0, 0, 0, 0, 0, 12, 27
"/Users/xuanpeichen/Desktop/code/python/openai/pycards/creature/Thornroot_Druid/model.py", "Python", 15, 0, 0, 0, 0, 0, 0, 0, 12, 27
"/Users/xuanpeichen/Desktop/code/python/openai/pycards/creature/Thornwood_Guardian/model.py", "Python", 15, 0, 0, 0, 0, 0, 0, 0, 12, 27
"/Users/xuanpeichen/Desktop/code/python/openai/pycards/creature/Thornwood_Ranger/model.py", "Python", 15, 0, 0, 0, 0, 0, 0, 0, 12, 27
"/Users/xuanpeichen/Desktop/code/python/openai/pycards/creature/Thornwood_Sentinel/model.py", "Python", 15, 0, 0, 0, 0, 0, 0, 0, 12, 27
"/Users/xuanpeichen/Desktop/code/python/openai/pycards/creature/Thunderclap_Behemoth/model.py", "Python", 15, 0, 0, 0, 0, 0, 0, 0, 12, 27
"/Users/xuanpeichen/Desktop/code/python/openai/pycards/creature/Tidal_Sprite/model.py", "Python", 15, 0, 0, 0, 0, 0, 0, 0, 12, 27
"/Users/xuanpeichen/Desktop/code/python/openai/pycards/creature/Torrent_Elemental/model.py", "Python", 15, 0, 0, 0, 0, 0, 0, 0, 12, 27
"/Users/xuanpeichen/Desktop/code/python/openai/pycards/creature/Verdant_Wyrm/model.py", "Python", 15, 0, 0, 0, 0, 0, 0, 0, 12, 27
"/Users/xuanpeichen/Desktop/code/python/openai/pycards/creature/Voidwisp_Harbinger/model.py", "Python", 15, 0, 0, 0, 0, 0, 0, 0, 12, 27
"/Users/xuanpeichen/Desktop/code/python/openai/pycards/creature/Vorinclex__Apex_of_Mutation/model.py", "Python", 15, 0, 0, 0, 0, 0, 0, 0, 12, 27
"/Users/xuanpeichen/Desktop/code/python/openai/pycards/land/Aetheric_Nexus/model.py", "Python", 12, 0, 0, 0, 0, 0, 0, 0, 12, 24
"/Users/xuanpeichen/Desktop/code/python/openai/pycards/land/Arcane_Haven/model.py", "Python", 12, 0, 0, 0, 0, 0, 0, 0, 12, 24
"/Users/xuanpeichen/Desktop/code/python/openai/pycards/land/Arcane_Sanctuary/model.py", "Python", 12, 0, 0, 0, 0, 0, 0, 0, 12, 24
"/Users/xuanpeichen/Desktop/code/python/openai/pycards/land/Celestial_Haven/model.py", "Python", 12, 0, 0, 0, 0, 0, 0, 0, 12, 24
"/Users/xuanpeichen/Desktop/code/python/openai/pycards/land/Elysian_Grove/model.py", "Python", 12, 0, 0, 0, 0, 0, 0, 0, 12, 24
"/Users/xuanpeichen/Desktop/code/python/openai/pycards/land/Luminous_Glade/model.py", "Python", 12, 0, 0, 0, 0, 0, 0, 0, 12, 24
"/Users/xuanpeichen/Desktop/code/python/openai/pycards/land/Mystic_Reflection_Pool/model.py", "Python", 12, 0, 0, 0, 0, 0, 0, 0, 12, 24
"/Users/xuanpeichen/Desktop/code/python/openai/pycards/land/Nexus_of_the_Eternal_Seas/model.py", "Python", 12, 0, 0, 0, 0, 0, 0, 0, 12, 24
"/Users/xuanpeichen/Desktop/code/python/openai/pycards/land/Sanctum_of_Eternal_Flames/model.py", "Python", 12, 0, 0, 0, 0, 0, 0, 0, 12, 24
"/Users/xuanpeichen/Desktop/code/python/openai/pycards/land/Sanctum_of_Verdant_Growth/model.py", "Python", 12, 0, 0, 0, 0, 0, 0, 0, 12, 24
"/Users/xuanpeichen/Desktop/code/python/openai/pycards/land/Verdant_Sanctuary/model.py", "Python", 12, 0, 0, 0, 0, 0, 0, 0, 12, 24
"/Users/xuanpeichen/Desktop/code/python/openai/pycards/land/Volcanic_Fumaroles/model.py", "Python", 12, 0, 0, 0, 0, 0, 0, 0, 12, 24
"/Users/xuanpeichen/Desktop/code/python/openai/pycards/sorcery/Angelic_Blessing/model.py", "Python", 12, 0, 0, 0, 0, 0, 0, 0, 12, 24
"/Users/xuanpeichen/Desktop/code/python/openai/pycards/sorcery/Arcane_Convergence/model.py", "Python", 12, 0, 0, 0, 0, 0, 0, 0, 12, 24
"/Users/xuanpeichen/Desktop/code/python/openai/pycards/sorcery/Arcane_Torrent/model.py", "Python", 12, 0, 0, 0, 0, 0, 0, 0, 12, 24
"/Users/xuanpeichen/Desktop/code/python/openai/pycards/sorcery/Call_of_the_Ancient_Ones/model.py", "Python", 12, 0, 0, 0, 0, 0, 0, 0, 12, 24
"/Users/xuanpeichen/Desktop/code/python/openai/pycards/sorcery/Call_of_the_Tides/model.py", "Python", 12, 0, 0, 0, 0, 0, 0, 0, 12, 24
"/Users/xuanpeichen/Desktop/code/python/openai/pycards/sorcery/Call_to_Unity/model.py", "Python", 12, 0, 0, 0, 0, 0, 0, 0, 12, 24
"/Users/xuanpeichen/Desktop/code/python/openai/pycards/sorcery/Cataclysmic_Inferno/model.py", "Python", 12, 0, 0, 0, 0, 0, 0, 0, 12, 24
"/Users/xuanpeichen/Desktop/code/python/openai/pycards/sorcery/Cataclysmic_Surge/model.py", "Python", 12, 0, 0, 0, 0, 0, 0, 0, 12, 24
"/Users/xuanpeichen/Desktop/code/python/openai/pycards/sorcery/Celestial_Purge/model.py", "Python", 12, 0, 0, 0, 0, 0, 0, 0, 12, 24
"/Users/xuanpeichen/Desktop/code/python/openai/pycards/sorcery/Celestial_Renewal/model.py", "Python", 12, 0, 0, 0, 0, 0, 0, 0, 12, 24
"/Users/xuanpeichen/Desktop/code/python/openai/pycards/sorcery/Chaos_Unleashed/model.py", "Python", 12, 0, 0, 0, 0, 0, 0, 0, 12, 24
"/Users/xuanpeichen/Desktop/code/python/openai/pycards/sorcery/Chaotic_Eruption/model.py", "Python", 12, 0, 0, 0, 0, 0, 0, 0, 12, 24
"/Users/xuanpeichen/Desktop/code/python/openai/pycards/sorcery/Dark_Offering/model.py", "Python", 12, 0, 0, 0, 0, 0, 0, 0, 12, 24
"/Users/xuanpeichen/Desktop/code/python/openai/pycards/sorcery/Demonic_Ascendance/model.py", "Python", 12, 0, 0, 0, 0, 0, 0, 0, 12, 24
"/Users/xuanpeichen/Desktop/code/python/openai/pycards/sorcery/Divine_Intervention/model.py", "Python", 12, 0, 0, 0, 0, 0, 0, 0, 12, 24
"/Users/xuanpeichen/Desktop/code/python/openai/pycards/sorcery/Divine_Offering/model.py", "Python", 12, 0, 0, 0, 0, 0, 0, 0, 12, 24
"/Users/xuanpeichen/Desktop/code/python/openai/pycards/sorcery/Divine_Rebirth/model.py", "Python", 12, 0, 0, 0, 0, 0, 0, 0, 12, 24
"/Users/xuanpeichen/Desktop/code/python/openai/pycards/sorcery/Divine_Reckoning/model.py", "Python", 12, 0, 0, 0, 0, 0, 0, 0, 12, 24
"/Users/xuanpeichen/Desktop/code/python/openai/pycards/sorcery/Eldritch_Rebirth/model.py", "Python", 12, 0, 0, 0, 0, 0, 0, 0, 12, 24
"/Users/xuanpeichen/Desktop/code/python/openai/pycards/sorcery/Ephemeral_Eruption/model.py", "Python", 12, 0, 0, 0, 0, 0, 0, 0, 12, 24
"/Users/xuanpeichen/Desktop/code/python/openai/pycards/sorcery/Fiery_Burst/model.py", "Python", 12, 0, 0, 0, 0, 0, 0, 0, 12, 24
"/Users/xuanpeichen/Desktop/code/python/openai/pycards/sorcery/Flames_of_Fury/model.py", "Python", 12, 0, 0, 0, 0, 0, 0, 0, 12, 24
"/Users/xuanpeichen/Desktop/code/python/openai/pycards/sorcery/Fleeting_Insight/model.py", "Python", 12, 0, 0, 0, 0, 0, 0, 0, 12, 24
"/Users/xuanpeichen/Desktop/code/python/openai/pycards/sorcery/Harvest_Blessing/model.py", "Python", 12, 0, 0, 0, 0, 0, 0, 0, 12, 24
"/Users/xuanpeichen/Desktop/code/python/openai/pycards/sorcery/Mind_s_Insight/model.py", "Python", 12, 0, 0, 0, 0, 0, 0, 0, 12, 24
"/Users/xuanpeichen/Desktop/code/python/openai/pycards/sorcery/Mindful_Manipulation/model.py", "Python", 12, 0, 0, 0, 0, 0, 0, 0, 12, 24
"/Users/xuanpeichen/Desktop/code/python/openai/pycards/sorcery/Mindful_Reflection/model.py", "Python", 12, 0, 0, 0, 0, 0, 0, 0, 12, 24
"/Users/xuanpeichen/Desktop/code/python/openai/pycards/sorcery/Mystic_Insight/model.py", "Python", 12, 0, 0, 0, 0, 0, 0, 0, 12, 24
"/Users/xuanpeichen/Desktop/code/python/openai/pycards/sorcery/Mystic_Reversal/model.py", "Python", 12, 0, 0, 0, 0, 0, 0, 0, 12, 24
"/Users/xuanpeichen/Desktop/code/python/openai/pycards/sorcery/Natural_Growth/model.py", "Python", 12, 0, 0, 0, 0, 0, 0, 0, 12, 24
"/Users/xuanpeichen/Desktop/code/python/openai/pycards/sorcery/Natural_Harmony/model.py", "Python", 12, 0, 0, 0, 0, 0, 0, 0, 12, 24
"/Users/xuanpeichen/Desktop/code/python/openai/pycards/sorcery/Naturalize/model.py", "Python", 12, 0, 0, 0, 0, 0, 0, 0, 12, 24
"/Users/xuanpeichen/Desktop/code/python/openai/pycards/sorcery/Nature_s_Embrace/model.py", "Python", 12, 0, 0, 0, 0, 0, 0, 0, 12, 24
"/Users/xuanpeichen/Desktop/code/python/openai/pycards/sorcery/Overgrowth/model.py", "Python", 12, 0, 0, 0, 0, 0, 0, 0, 12, 24
"/Users/xuanpeichen/Desktop/code/python/openai/pycards/sorcery/Rift_in_Reality/model.py", "Python", 12, 0, 0, 0, 0, 0, 0, 0, 12, 24
"/Users/xuanpeichen/Desktop/code/python/openai/pycards/sorcery/Righteous_Conviction/model.py", "Python", 12, 0, 0, 0, 0, 0, 0, 0, 12, 24
"/Users/xuanpeichen/Desktop/code/python/openai/pycards/sorcery/Soul_Siphon/model.py", "Python", 12, 0, 0, 0, 0, 0, 0, 0, 12, 24
"/Users/xuanpeichen/Desktop/code/python/openai/pycards/sorcery/Spectral_Embrace/model.py", "Python", 12, 0, 0, 0, 0, 0, 0, 0, 12, 24
"/Users/xuanpeichen/Desktop/code/python/openai/pycards/sorcery/Temporal_Distortion/model.py", "Python", 12, 0, 0, 0, 0, 0, 0, 0, 12, 24
"/Users/xuanpeichen/Desktop/code/python/openai/pycards/sorcery/Temporal_Flux/model.py", "Python", 12, 0, 0, 0, 0, 0, 0, 0, 12, 24
"/Users/xuanpeichen/Desktop/code/python/openai/pycards/sorcery/Time_Rift_Convergence/model.py", "Python", 12, 0, 0, 0, 0, 0, 0, 0, 12, 24
"/Users/xuanpeichen/Desktop/code/python/openai/pycards/sorcery/Torrential_Manipulation/model.py", "Python", 12, 0, 0, 0, 0, 0, 0, 0, 12, 24
"/Users/xuanpeichen/Desktop/code/python/openai/pycards/sorcery/Treasure_Hunt/model.py", "Python", 12, 0, 0, 0, 0, 0, 0, 0, 12, 24
"/Users/xuanpeichen/Desktop/code/python/openai/pycards/sorcery/Unleash_the_Elements/model.py", "Python", 12, 0, 0, 0, 0, 0, 0, 0, 12, 24
"/Users/xuanpeichen/Desktop/code/python/openai/pycards/sorcery/Unyielding_Resolve/model.py", "Python", 12, 0, 0, 0, 0, 0, 0, 0, 12, 24
"/Users/xuanpeichen/Desktop/code/python/openai/pycards/sorcery/Vampiric_Revelry/model.py", "Python", 12, 0, 0, 0, 0, 0, 0, 0, 12, 24
"/Users/xuanpeichen/Desktop/code/python/openai/pycards/sorcery/Verdant_Genesis/model.py", "Python", 12, 0, 0, 0, 0, 0, 0, 0, 12, 24
"/Users/xuanpeichen/Desktop/code/python/openai/pycards/sorcery/Wild_Growth/model.py", "Python", 12, 0, 0, 0, 0, 0, 0, 0, 12, 24
"/Users/xuanpeichen/Desktop/code/python/openai/pydantic_model.py", "Python", 0, 0, 0, 0, 0, 0, 0, 0, 3, 3
"/Users/xuanpeichen/Desktop/code/python/openai/security.py", "Python", 53, 0, 0, 0, 0, 0, 0, 4, 18, 75
"/Users/xuanpeichen/Desktop/code/python/openai/server.py", "Python", 181, 0, 0, 0, 0, 0, 0, 16, 68, 265
"/Users/xuanpeichen/Desktop/code/python/openai/server2.py", "Python", 10, 0, 0, 0, 0, 0, 0, 4, 7, 21
"/Users/xuanpeichen/Desktop/code/python/openai/server_function_tool.py", "Python", 180, 0, 0, 0, 0, 0, 0, 0, 46, 226
"/Users/xuanpeichen/Desktop/code/python/openai/test.py", "Python", 7, 0, 0, 0, 0, 0, 0, 5, 4, 16
"/Users/xuanpeichen/Desktop/code/python/openai/webpages/block.js", "JavaScript", 0, 0, 0, 205, 0, 0, 0, 18, 68, 291
"/Users/xuanpeichen/Desktop/code/python/openai/webpages/button.js", "JavaScript", 0, 0, 0, 18, 0, 0, 0, 0, 5, 23
"/Users/xuanpeichen/Desktop/code/python/openai/webpages/card.js", "JavaScript", 0, 0, 0, 536, 0, 0, 0, 27, 134, 697
"/Users/xuanpeichen/Desktop/code/python/openai/webpages/cardpack/cardpack.html", "HTML", 0, 0, 0, 0, 0, 0, 0, 0, 1, 1
"/Users/xuanpeichen/Desktop/code/python/openai/webpages/cards_main.js", "JavaScript", 0, 0, 0, 84, 0, 0, 0, 9, 25, 118
"/Users/xuanpeichen/Desktop/code/python/openai/webpages/deck_cards.js", "JavaScript", 0, 0, 0, 207, 0, 0, 0, 11, 44, 262
"/Users/xuanpeichen/Desktop/code/python/openai/webpages/deckpage/book.js", "JavaScript", 0, 0, 0, 775, 0, 0, 0, 19, 176, 970
"/Users/xuanpeichen/Desktop/code/python/openai/webpages/deckpage/deck.html", "HTML", 0, 0, 0, 0, 0, 0, 41, 0, 14, 55
"/Users/xuanpeichen/Desktop/code/python/openai/webpages/deckpage/deck.js", "JavaScript", 0, 0, 0, 32, 0, 0, 0, 1, 13, 46
"/Users/xuanpeichen/Desktop/code/python/openai/webpages/deckpage/style.css", "CSS", 0, 0, 0, 0, 185, 0, 0, 1, 19, 205
"/Users/xuanpeichen/Desktop/code/python/openai/webpages/draw_card/draw.html", "HTML", 0, 0, 0, 0, 0, 0, 28, 0, 5, 33
"/Users/xuanpeichen/Desktop/code/python/openai/webpages/draw_card/draw.js", "JavaScript", 0, 0, 0, 49, 0, 0, 0, 30, 21, 100
"/Users/xuanpeichen/Desktop/code/python/openai/webpages/draw_card/draw_card.js", "JavaScript", 0, 0, 0, 217, 0, 0, 0, 6, 37, 260
"/Users/xuanpeichen/Desktop/code/python/openai/webpages/draw_card/pack.js", "JavaScript", 0, 0, 0, 128, 0, 0, 0, 4, 41, 173
"/Users/xuanpeichen/Desktop/code/python/openai/webpages/draw_card/style.css", "CSS", 0, 0, 0, 0, 102, 0, 0, 1, 17, 120
"/Users/xuanpeichen/Desktop/code/python/openai/webpages/error.css", "CSS", 0, 0, 0, 0, 21, 0, 0, 0, 2, 23
"/Users/xuanpeichen/Desktop/code/python/openai/webpages/error.js", "JavaScript", 0, 0, 0, 17, 0, 0, 0, 1, 2, 20
"/Users/xuanpeichen/Desktop/code/python/openai/webpages/gaming_page/gaming.css", "CSS", 0, 0, 0, 0, 0, 0, 0, 0, 1, 1
"/Users/xuanpeichen/Desktop/code/python/openai/webpages/gaming_page/gaming.html", "HTML", 0, 0, 0, 0, 0, 0, 23, 0, 15, 38
"/Users/xuanpeichen/Desktop/code/python/openai/webpages/gaming_page/gaming.js", "JavaScript", 0, 0, 0, 15, 0, 0, 0, 0, 5, 20
"/Users/xuanpeichen/Desktop/code/python/openai/webpages/homepage/deck_holder.js", "JavaScript", 0, 0, 0, 149, 0, 0, 0, 3, 28, 180
"/Users/xuanpeichen/Desktop/code/python/openai/webpages/homepage/decks.js", "JavaScript", 0, 0, 0, 109, 0, 0, 0, 1, 26, 136
"/Users/xuanpeichen/Desktop/code/python/openai/webpages/homepage/home.js", "JavaScript", 0, 0, 0, 76, 0, 0, 0, 1, 22, 99
"/Users/xuanpeichen/Desktop/code/python/openai/webpages/homepage/homepage.js", "JavaScript", 0, 0, 0, 7, 0, 0, 0, 3, 7, 17
"/Users/xuanpeichen/Desktop/code/python/openai/webpages/homepage/protectpage.html", "HTML", 0, 0, 0, 0, 0, 0, 67, 0, 15, 82
"/Users/xuanpeichen/Desktop/code/python/openai/webpages/homepage/style.css", "CSS", 0, 0, 0, 0, 184, 0, 0, 3, 41, 228
"/Users/xuanpeichen/Desktop/code/python/openai/webpages/image_source/deck_process/choose.svg", "XML", 0, 0, 4, 0, 0, 0, 0, 0, 0, 4
"/Users/xuanpeichen/Desktop/code/python/openai/webpages/image_source/deck_process/delete.svg", "XML", 0, 0, 4, 0, 0, 0, 0, 0, 0, 4
"/Users/xuanpeichen/Desktop/code/python/openai/webpages/loginpage/login.html", "HTML", 0, 0, 0, 0, 0, 0, 91, 8, 21, 120
"/Users/xuanpeichen/Desktop/code/python/openai/webpages/loginpage/login.js", "JavaScript", 0, 0, 0, 49, 0, 0, 0, 5, 18, 72
"/Users/xuanpeichen/Desktop/code/python/openai/webpages/loginpage/signup.html", "HTML", 0, 0, 0, 0, 0, 0, 51, 0, 7, 58
"/Users/xuanpeichen/Desktop/code/python/openai/webpages/loginpage/signup.js", "JavaScript", 0, 0, 0, 42, 0, 0, 0, 8, 8, 58
"/Users/xuanpeichen/Desktop/code/python/openai/webpages/loginpage/style.css", "CSS", 0, 0, 0, 0, 413, 0, 0, 13, 85, 511
"/Users/xuanpeichen/Desktop/code/python/openai/webpages/rotation.js", "JavaScript", 0, 0, 0, 24, 0, 0, 0, 0, 3, 27
"/Users/xuanpeichen/Desktop/code/python/openai/webpages/security.js", "JavaScript", 0, 0, 0, 46, 0, 0, 0, 0, 4, 50
"Total", "-", 4394, 1, 8, 2786, 905, 1513, 301, 301, 3786, 13995